n,trial,time_seconds
100,1,0.00022254200000004776
100,2,0.00019062499999999982
100,3,0.00019812499999993793
100,4,0.00018979199999991092
100,5,0.00019229200000003832
500,1,0.0013867079999999588
500,2,0.0012661670000000402
500,3,0.0013302920000000107
500,4,0.0013539999999999663
500,5,0.001258917000000026
1000,1,0.0028378749999999897
1000,2,0.0027301659999999783
1000,3,0.0027477080000000154
1000,4,0.0026888330000000016
1000,5,0.0028532500000000294
2500,1,0.0072295
2500,2,0.007452707999999975
2500,3,0.007166208000000007
2500,4,0.007410208000000029
2500,5,0.007115834000000043
5000,1,0.015875666999999982
5000,2,0.015691958000000006
5000,3,0.01589170799999995
5000,4,0.015502708999999948
5000,5,0.015637875000000023
10000,1,0.03548325000000008
10000,2,0.033401374999999955
10000,3,0.033349749999999956
10000,4,0.03332874999999991
10000,5,0.03353991699999992
25000,1,0.08790683399999999
25000,2,0.08924995800000013
25000,3,0.0869075840000002
25000,4,0.0896309999999998
25000,5,0.08920145800000001
50000,1,0.1920265000000001
50000,2,0.19406287499999997
50000,3,0.19250691599999992
50000,4,0.1949877080000002
50000,5,0.19370687500000017
